"","X","ticker","company","sector","industry","esgRating","esgScore.tot","esgScore.env","esgScore.soc","esgScore.gov","esgRank.tot","asOf","mktCap","Price","Price.Earnings","Dividend.Yield","Earnings.Share","X52.Week.Low","X52.Week.High","Market.Cap","EBITDA","Price.Sales","Price.Book","SEC.Filings"
"1",1,"MMM","3M Company","Industrials","Industrial Conglomerates","High",35,12.8,14,8.4,0.74,"2021-03-03",102564405248,222.89,24.31,2.3328617,7.92,259.77,175.49,138721055226,9.048e+09,4.3902707,11.34,"http://www.sec.gov/cgi-bin/browse-edgar?action=getcompany&CIK=MMM"
"2",2,"ABT","Abbott Laboratories","Health Care","Health Care Equipment","Medium",30,3,16.2,10.6,0.56,"2021-03-03",217065570304,56.27,22.51,1.9089824,0.26,64.6,42.28,102121042306,5.744e+09,3.7404804,3.19,"http://www.sec.gov/cgi-bin/browse-edgar?action=getcompany&CIK=ABT"
"3",3,"ABBV","AbbVie Inc.","Health Care","Pharmaceuticals","Medium",29,0.6,17.1,11.3,0.54,"2021-03-03",190450155520,108.48,19.41,2.4995599,3.29,125.86,60.05,181386347059,1.031e+10,6.291571,26.14,"http://www.sec.gov/cgi-bin/browse-edgar?action=getcompany&CIK=ABBV"
"4",5,"ACN","Accenture","Information Technology","IT Consulting & Other Services","Low",11,0.6,5,5.8,0.02,"2021-03-03",171386028032,150.51,25.47,1.7144699,5.44,162.6,114.82,98765855553,5643228000,2.604117,10.62,"http://www.sec.gov/cgi-bin/browse-edgar?action=getcompany&CIK=ACN"
"5",6,"ATVI","Activision Blizzard","Communication Services","Interactive Home Entertainment","Low",17,0.2,10.7,6.2,0.12,"2021-03-03",74957447168,65.83,31.8,0.43190324,1.28,74.945,38.93,52518668144,2.704e+09,10.59512,5.16,"http://www.sec.gov/cgi-bin/browse-edgar?action=getcompany&CIK=ATVI"
"6",7,"ADBE","Adobe Inc.","Information Technology","Application Software","Low",11,0.5,5.7,4.7,0.02,"2021-03-03",223356633088,185.16,52.31,0,3.39,204.45,114.451,94550214268,2538040000,13.092818,11.06,"http://www.sec.gov/cgi-bin/browse-edgar?action=getcompany&CIK=ADBE"
"7",9,"AAP","Advance Auto Parts","Consumer Discretionary","Automotive Retail","Low",12,0.1,8.7,3.3,0.03,"2021-03-03",10801041408,109.63,19.54,0.21832074,6.19,169.55,78.81,8123611867,853941000,1.1301061,2.51,"http://www.sec.gov/cgi-bin/browse-edgar?action=getcompany&CIK=AAP"
"8",10,"AES","AES Corp","Utilities","Independent Power Producers & Energy Traders","High",33,18.8,8.8,5.8,0.69,"2021-03-03",17841518592,10.06,9.96,4.961832,-1.72,12.05,10,6920851212,3.001e+09,0.65951383,2.2,"http://www.sec.gov/cgi-bin/browse-edgar?action=getcompany&CIK=AES"
"9",11,"AFL","Aflac","Financials","Life & Health Insurance","Medium",23,2.5,7.9,12.9,0.32,"2021-03-03",33492871168,83.25,12.24,2.4299066,11.01,91.73,68.8,33422948000,0,1.5429344,1.53,"http://www.sec.gov/cgi-bin/browse-edgar?action=getcompany&CIK=AFL"
"10",12,"A","Agilent Technologies","Health Care","Health Care Equipment","Low",17,0.9,9.4,6.3,0.11,"2021-03-03",37758296064,65.05,27.45,0.8756979,2.1,75,49.23,21984606918,1.094e+09,6.493563,4.56,"http://www.sec.gov/cgi-bin/browse-edgar?action=getcompany&CIK=A"
"11",13,"APD","Air Products & Chemicals","Materials","Industrial Gases","Low",11,6.1,1.4,3.7,0.02,"2021-03-03",58859679744,152.8,24.22,2.7811136,13.66,175.17,133.6301,34638387128,2542500000,4.1163683,3.35,"http://www.sec.gov/cgi-bin/browse-edgar?action=getcompany&CIK=APD"
"12",14,"AKAM","Akamai Technologies","Information Technology","Internet Services & Infrastructure","Medium",21,2,11.8,7.5,0.25,"2021-03-03",15646269440,62.49,32.55,0,1.79,69.56,44.65,10906904066,789517000,5.8546524,3.25,"http://www.sec.gov/cgi-bin/browse-edgar?action=getcompany&CIK=AKAM"
"13",16,"ALB","Albemarle Corporation","Materials","Specialty Chemicals","High",37,19.1,8.9,8.7,0.78,"2021-03-03",17928671232,105.18,26.03,1.2004126,5.66,144.99,90.35,11782151266,686030000,5.3666205,2.98,"http://www.sec.gov/cgi-bin/browse-edgar?action=getcompany&CIK=ALB"
"14",17,"ARE","Alexandria Real Estate Equities","Real Estate","Office REITs","Low",15,2,7.4,6,0.08,"2021-03-03",21987067904,114.58,19.03,3.0262272,1.57,134.37,106.89,12043374429,0,10.492155,2.07,"http://www.sec.gov/cgi-bin/browse-edgar?action=getcompany&CIK=ARE"
"15",18,"ALXN","Alexion Pharmaceuticals","Health Care","Pharmaceuticals","Low",19,0.1,12,6.8,0.17,"2021-03-03",33058543616,108.47,22.18,0,1.77,149.34,96.18,26172439795,1.072e+09,9.720562,2.82,"http://www.sec.gov/cgi-bin/browse-edgar?action=getcompany&CIK=ALXN"
"16",20,"ALLE","Allegion","Industrials","Building Products","Medium",22,11.1,4.2,6.6,0.27,"2021-03-03",10233696256,77.32,21.07,0.8004002,2.37,89.81,66.72,7599609494,531800000,4.265232,20.48,"http://www.sec.gov/cgi-bin/browse-edgar?action=getcompany&CIK=ALLE"
"17",21,"LNT","Alliant Energy","Utilities","Electric Utilities","Medium",28,14.7,7.4,6.3,0.51,"2021-03-03",11771893760,37.14,19.86,3.5733333,1.65,45.55,36.84,8670163500,1168400000,3.4331481,2.13,"http://www.sec.gov/cgi-bin/browse-edgar?action=getcompany&CIK=LNT"
"18",22,"ALL","Allstate Corp","Financials","Property & Casualty Insurance","Medium",23,1.6,8.7,12.7,0.31,"2021-03-03",33464436736,90.06,13.26,1.5278208,4.68,105.36,77.73,34759468905,0,1.2085556,1.67,"http://www.sec.gov/cgi-bin/browse-edgar?action=getcompany&CIK=ALL"
"19",23,"GOOGL","Alphabet Inc. (Class A)","Communication Services","Interactive Media & Services","Medium",23,0.5,9.9,12.5,0.31,"2021-03-03",1395462504448,1007.71,31.48,0,22.27,1198,824.3,733823966137,3.4217e+10,6.801692,4.7,"http://www.sec.gov/cgi-bin/browse-edgar?action=getcompany&CIK=GOOGL"
"20",25,"MO","Altria Group Inc","Consumer Staples","Tobacco","Medium",25,5.8,13,6.5,0.4,"2021-03-03",83120619520,64.05,18.89,3.9526875,5.31,77.79,60.01,126985101434,1.0773e+10,4.945682,10.32,"http://www.sec.gov/cgi-bin/browse-edgar?action=getcompany&CIK=MO"
"21",26,"AMZN","Amazon.com Inc.","Consumer Discretionary","Internet & Direct Marketing Retail","Medium",27,5.1,12.5,9.8,0.47,"2021-03-03",1558297051136,1350.5,296.16,0,6.16,1498,812.5,685873374731,1.6132e+10,3.927053,24.28,"http://www.sec.gov/cgi-bin/browse-edgar?action=getcompany&CIK=AMZN"
"22",28,"AEE","Ameren Corp","Utilities","Multi-Utilities","High",34,15.5,12.2,6.4,0.71,"2021-03-03",18218760192,52.59,20.38,3.4404964,2.68,64.89,51.81,12905744906,2.298e+09,2.693119,1.79,"http://www.sec.gov/cgi-bin/browse-edgar?action=getcompany&CIK=AEE"
"23",29,"AAL","American Airlines Group","Industrials","Airlines","Medium",30,11.7,12.6,5.6,0.57,"2021-03-03",13714654208,48.6,9.92,0.7782101,3.91,59.08,39.21,24594852352,5.761e+09,0.58022565,6.03,"http://www.sec.gov/cgi-bin/browse-edgar?action=getcompany&CIK=AAL"
"24",30,"AEP","American Electric Power","Utilities","Electric Utilities","High",34,19.3,9.8,5.3,0.72,"2021-03-03",37965373440,63.38,17.32,3.8479443,1.24,78.07,62.69,31701916517,4450800000,2.7489934,1.81,"http://www.sec.gov/cgi-bin/browse-edgar?action=getcompany&CIK=AEP"
"25",31,"AXP","American Express","Financials","Consumer Finance","Low",20,0.1,9.9,9.8,0.2,"2021-03-03",112178266112,88.34,15,1.4955667,2.9,102.385,75.51,80410990000,0,2.273575,3.75,"http://www.sec.gov/cgi-bin/browse-edgar?action=getcompany&CIK=AXP"
"26",32,"AIG","American International Group","Financials","Property & Casualty Insurance","High",31,2,13.6,15.2,0.6,"2021-03-03",39745794048,58.28,23.22,2.1167521,-0.76,67.3,57.85,54360073164,0,1.4686536,0.75,"http://www.sec.gov/cgi-bin/browse-edgar?action=getcompany&CIK=AIG"
"27",33,"AMT","American Tower Corp.","Real Estate","Specialized REITs","Low",12,3.7,3.8,5,0.04,"2021-03-03",92791824384,133.57,20.68,2,1.97,155.28,103.36,59213892640,3792383000,11.954137,9.22,"http://www.sec.gov/cgi-bin/browse-edgar?action=getcompany&CIK=AMT"
"28",34,"AWK","American Water Works","Utilities","Water Utilities","Medium",29,13.4,10,5.7,0.53,"2021-03-03",25336143872,76.06,26.23,2.129297,2.63,92.37,71.89,13906146184,1.711e+09,5.553833,2.55,"http://www.sec.gov/cgi-bin/browse-edgar?action=getcompany&CIK=AWK"
"29",36,"ABC","AmerisourceBergen","Health Care","Health Care Distributors","Negligible",13,1,6,6,0.04,"2021-03-03",21340600320,91.55,15.54,1.6132456,1.64,106.27,71.9,20587704101,991884000,0.17396984,9.73,"http://www.sec.gov/cgi-bin/browse-edgar?action=getcompany&CIK=ABC"
"30",41,"ANSS","ANSYS, Inc.","Information Technology","Application Software","Negligible",15,1,9,5,0.08,"2021-03-03",29177231360,148.84,42.53,0,2.99,164.9,94.52,13155919129,458515000,16.8134,5.79,"http://www.sec.gov/cgi-bin/browse-edgar?action=getcompany&CIK=ANSS"
"31",42,"ANTM","Anthem","Health Care","Managed Health Care","Negligible",12,0,7,5,0.03,"2021-03-03",76327403520,230.57,19.23,1.2581781,14.36,267.95,156.81,61221978627,0,0.6696521,2.28,"http://www.sec.gov/cgi-bin/browse-edgar?action=getcompany&CIK=ANTM"
"32",44,"AOS","A.O. Smith Corp","Industrials","Building Products","Severe",33,10,15,8,0.66,"2021-03-03",9855759360,60.24,27.76,1.1479592,1.7,68.39,48.925,10783419933,6.01e+08,3.5754826,6.35,"http://www.sec.gov/cgi-bin/browse-edgar?action=getcompany&CIK=AOS"
"33",45,"APA","APA Corporation","Energy","Oil & Gas Exploration & Production","Severe",39,22,9,8,0.83,"2021-03-03",7368289280,37.73,-251.53,2.528445,-3.72,57.9,38.14,15066280977,3.265e+09,3.651366,2.22,"http://www.sec.gov/cgi-bin/browse-edgar?action=getcompany&CIK=APA"
"34",46,"AAPL","Apple Inc.","Information Technology","Technology Hardware, Storage & Peripherals","Negligible",17,0,8,9,0.11,"2021-03-03",2100527104000,155.15,16.86,1.5795412,9.2,180.1,131.12,809508034020,7.9386e+10,3.4586093,5.66,"http://www.sec.gov/cgi-bin/browse-edgar?action=getcompany&CIK=AAPL"
"35",47,"AMAT","Applied Materials Inc.","Information Technology","Semiconductor Equipment","Negligible",15,5,4,6,0.07,"2021-03-03",107825168384,45.75,14.08,0.8215239,3.17,60.89,34.58,51296481503,4.336e+09,4.7020154,5.44,"http://www.sec.gov/cgi-bin/browse-edgar?action=getcompany&CIK=AMAT"
"36",48,"APTV","Aptiv PLC","Consumer Discretionary","Auto Parts & Equipment","Negligible",14,4,5,6,0.06,"2021-03-03",41640554496,89.27,69.74,0.9392678,5.05,96.91,82.97,24906530300,2.37e+09,1.5025798,7.56,"http://www.sec.gov/cgi-bin/browse-edgar?action=getcompany&CIK=APTV"
"37",49,"ADM","Archer-Daniels-Midland Co","Consumer Staples","Agricultural Products","Severe",34,16,13,5,0.71,"2021-03-03",32036210688,41.35,17.45,3.1761081,2.17,47.44,38.59,23594770663,2.927e+09,0.52478915,1.29,"http://www.sec.gov/cgi-bin/browse-edgar?action=getcompany&CIK=ADM"
"38",53,"T","AT&T Inc.","Communication Services","Integrated Telecommunication Services","Negligible",19,2,11,6,0.18,"2021-03-03",201258270720,35.57,12.14,5.4156513,4.76,42.7,32.55,226713270000,4.9653e+10,1.4083152,1.8,"http://www.sec.gov/cgi-bin/browse-edgar?action=getcompany&CIK=T"
"39",55,"ADSK","Autodesk Inc.","Information Technology","Application Software","Negligible",15,1,9,5,0.08,"2021-03-03",61111549952,104.81,-77.07,0,-2.61,131.1,81.75,24348294504,-378100000,16.50682,224.13,"http://www.sec.gov/cgi-bin/browse-edgar?action=getcompany&CIK=ADSK"
"40",56,"ADP","Automatic Data Processing","Information Technology","Data Processing & Outsourced Services","Negligible",13,0,7,6,0.04,"2021-03-03",74863820800,108.25,29.34,2.2190912,3.85,125.24,95.5,50337702249,2767400000,4.0483294,12.86,"http://www.sec.gov/cgi-bin/browse-edgar?action=getcompany&CIK=ADP"
"41",57,"AZO","AutoZone Inc","Consumer Discretionary","Specialty Stores","Negligible",12,0,8,4,0.03,"2021-03-03",26855737344,718.57,16.31,0,44.09,797.89,491.13,19922021415,2347304000,1.8510429,136.23,"http://www.sec.gov/cgi-bin/browse-edgar?action=getcompany&CIK=AZO"
"42",58,"AVB","AvalonBay Communities","Real Estate","Residential REITs","Negligible",12,3,3,5,0.03,"2021-03-03",24866502656,154.94,17.97,3.7149355,6.36,199.52,156.01,21856547430,1331579000,10.251216,2.12,"http://www.sec.gov/cgi-bin/browse-edgar?action=getcompany&CIK=AVB"
"43",59,"AVY","Avery Dennison Corp","Materials","Paper Packaging","Negligible",18,12,2,4,0.16,"2021-03-03",14699618304,110.77,22.11,1.5682175,3.11,123.67,78.471,10104814319,831200000,1.5206499,8.83,"http://www.sec.gov/cgi-bin/browse-edgar?action=getcompany&CIK=AVY"
"44",61,"BLL","Ball Corp","Materials","Metal & Glass Containers","Negligible",15,10,1,4,0.08,"2021-03-03",28316495872,38.44,20.56,1.0170354,0.85,43.24,35.6,13767688518,1.317e+09,1.5696399,3.62,"http://www.sec.gov/cgi-bin/browse-edgar?action=getcompany&CIK=BLL"
"45",67,"BBY","Best Buy Co. Inc.","Consumer Discretionary","Computer & Electronics Retail","Negligible",12,2,5,5,0.03,"2021-03-03",26547040256,68.79,19.22,1.9085041,3.81,78.59,41.67,20831186176,2.555e+09,0.76715523,4.79,"http://www.sec.gov/cgi-bin/browse-edgar?action=getcompany&CIK=BBY"
"46",71,"BA","Boeing Company","Industrials","Aerospace & Defense","Severe",36,8,20,9,0.77,"2021-03-03",130089951232,329.66,27.29,1.9648397,13.47,361.45,163.69,205617405233,1.2476e+10,2.1560605,182.86,"http://www.sec.gov/cgi-bin/browse-edgar?action=getcompany&CIK=BA"
"47",74,"BXP","Boston Properties","Real Estate","Office REITs","Negligible",14,4,5,5,0.06,"2021-03-03",15797170176,112.09,18.05,2.7744062,2.93,140.13,111.87,17799878487,1546846000,6.839459,3.15,"http://www.sec.gov/cgi-bin/browse-edgar?action=getcompany&CIK=BXP"
"48",75,"BSX","Boston Scientific","Health Care","Health Care Equipment","Severe",31,3,16,11,0.6,"2021-03-03",54892687360,25.2,20,0,0.07,29.93,23.29,36142506007,1.726e+09,4.055685,4.78,"http://www.sec.gov/cgi-bin/browse-edgar?action=getcompany&CIK=BSX"
"49",82,"CDNS","Cadence Design Systems","Information Technology","Application Software","Negligible",17,1,10,5,0.12,"2021-03-03",39656153088,36.82,34.09,0,0.74,46,29.01,10890625200,455607000,5.751737,10.98,"http://www.sec.gov/cgi-bin/browse-edgar?action=getcompany&CIK=CDNS"
"50",85,"CAH","Cardinal Health Inc.","Health Care","Health Care Distributors","Negligible",13,3,5,4,0.04,"2021-03-03",15555594240,66.63,12.29,2.8394227,4.04,84.88,54.66,20493281175,1.913e+09,0.21131156,3.03,"http://www.sec.gov/cgi-bin/browse-edgar?action=getcompany&CIK=CAH"
"51",86,"KMX","Carmax Inc","Consumer Discretionary","Specialty Stores","Negligible",13,0,9,4,0.04,"2021-03-03",19664209920,64.34,19.44,0,3.97,77.64,54.29,11827453706,1339628000,0.6913859,3.55,"http://www.sec.gov/cgi-bin/browse-edgar?action=getcompany&CIK=KMX"
"52",90,"CAT","Caterpillar Inc.","Industrials","Construction Machinery & Heavy Trucks","Severe",39,11,20,9,0.83,"2021-03-03",117687517184,145.99,21.22,2.0215108,1.26,173.24,90.34,91822049046,8.136e+09,2.0468428,5.75,"http://www.sec.gov/cgi-bin/browse-edgar?action=getcompany&CIK=CAT"
"53",91,"CBOE","Cboe Global Markets","Financials","Financial Exchanges & Data","Negligible",19,3,7,9,0.17,"2021-03-03",10465840128,111.15,35.06,0.9426963,2.27,138.54,76.75,12998295607,488406000,8.249042,5.15,"http://www.sec.gov/cgi-bin/browse-edgar?action=getcompany&CIK=CBOE"
"54",96,"CNP","CenterPoint Energy","Utilities","Multi-Utilities","Severe",36,18,12,6,0.75,"2021-03-03",10794421248,25.85,19.73,4.2109256,1,30.45,25.51,11362043297,2.337e+09,1.6262617,3.21,"http://www.sec.gov/cgi-bin/browse-edgar?action=getcompany&CIK=CNP"
"55",97,"CERN","Cerner","Health Care","Health Care Technology","Negligible",20,0,13,7,0.2,"2021-03-03",21321125888,61.22,27.09,0,1.84,73.86,51.2617,21101697598,1523440000,5.5560412,4.62,"http://www.sec.gov/cgi-bin/browse-edgar?action=getcompany&CIK=CERN"
"56",98,"CF","CF Industries Holdings Inc","Materials","Fertilizers & Agricultural Chemicals","Severe",33,19,9,5,0.67,"2021-03-03",9853501440,37.46,-59.46,3.0395136,-1.2,43.98,25.04,9209106695,7.11e+08,3.0044448,2.81,"http://www.sec.gov/cgi-bin/browse-edgar?action=getcompany&CIK=CF"
"57",105,"CI","Cigna","Health Care","Managed Health Care","Negligible",14,0,8,6,0.06,"2021-03-03",76953837568,189.27,18.11,0.020466639,7.2,227.13,141.93,47680910480,0,1.550762,3.39,"http://www.sec.gov/cgi-bin/browse-edgar?action=getcompany&CIK=CI"
"58",108,"CSCO","Cisco Systems","Information Technology","Communications Equipment","Negligible",13,1,6,6,0.04,"2021-03-03",192154763264,38.77,17.87,2.8755577,1.91,42.98,30.36,199425716482,1.5447e+10,5.484418,3.07,"http://www.sec.gov/cgi-bin/browse-edgar?action=getcompany&CIK=CSCO"
"59",111,"CTXS","Citrix Systems","Information Technology","Application Software","Negligible",18,1,11,6,0.15,"2021-03-03",16811637760,84.53,20.37,0,-0.24,95,73.3346,13199167493,810268000,4.7538714,6.73,"http://www.sec.gov/cgi-bin/browse-edgar?action=getcompany&CIK=CTXS"
"60",113,"CME","CME Group Inc.","Financials","Financial Exchanges & Data","Negligible",15,2,7,6,0.07,"2021-03-03",74185211904,153.04,32.15,3.6828613,11.94,163,114.8176,54423298745,2851800000,14.881806,2.51,"http://www.sec.gov/cgi-bin/browse-edgar?action=getcompany&CIK=CME"
"61",118,"CMCSA","Comcast Corp.","Communication Services","Cable & Satellite","Negligible",19,1,9,9,0.19,"2021-03-03",248500813824,38.19,18.54,1.8929017,4.74,44,34.78,186476996883,2.8675e+10,2.1797748,2.65,"http://www.sec.gov/cgi-bin/browse-edgar?action=getcompany&CIK=CMCSA"
"62",120,"CAG","Conagra Brands","Consumer Staples","Packaged Foods & Meats","Severe",32,10,16,5,0.64,"2021-03-03",16763146240,35.49,18.2,2.3683476,1.46,41.68,32.16,14379717835,1281200000,1.8294994,3.86,"http://www.sec.gov/cgi-bin/browse-edgar?action=getcompany&CIK=CAG"
"63",121,"COP","ConocoPhillips","Energy","Oil & Gas Exploration & Production","Severe",35,19,10,7,0.75,"2021-03-03",70825279488,53.24,72.93,2.049254,-0.65,61.315,42.265,65482462410,5.328e+09,2.0764177,2.16,"http://www.sec.gov/cgi-bin/browse-edgar?action=getcompany&CIK=COP"
"64",126,"GLW","Corning Inc.","Information Technology","Electronic Components","Negligible",20,8,5,7,0.21,"2021-03-03",29766578176,28.45,16.45,2.0791416,-0.78,35.1,26.31,25759280346,2.97e+09,2.544682,1.71,"http://www.sec.gov/cgi-bin/browse-edgar?action=getcompany&CIK=GLW"
"65",129,"CCI","Crown Castle","Real Estate","Specialized REITs","Negligible",18,9,4,5,0.16,"2021-03-03",66059747328,103.81,21.45,3.862069,1.02,114.97,86.93,44183023189,2292600000,10.125291,3.54,"http://www.sec.gov/cgi-bin/browse-edgar?action=getcompany&CIK=CCI"
"66",130,"CSX","CSX Corp.","Industrials","Railroads","Negligible",18,5,9,4,0.16,"2021-03-03",70272466944,50.47,21.94,1.5102888,6.07,60.04,45.41,47340511707,5.003e+09,4.216355,4.27,"http://www.sec.gov/cgi-bin/browse-edgar?action=getcompany&CIK=CSX"
"67",131,"CMI","Cummins Inc.","Industrials","Industrial Machinery","Negligible",18,4,8,6,0.14,"2021-03-03",38048514048,165.73,16.83,2.5008683,8.23,194.18,143.8301,28669230787,2.924e+09,1.9406168,3.89,"http://www.sec.gov/cgi-bin/browse-edgar?action=getcompany&CIK=CMI"
"68",134,"DHR","Danaher Corp.","Health Care","Health Care Equipment","Severe",33,5,18,10,0.67,"2021-03-03",159597805568,92.16,22.87,0.5879265,3.53,104.82,78.97,66351150000,4339800000,3.688278,2.65,"http://www.sec.gov/cgi-bin/browse-edgar?action=getcompany&CIK=DHR"
"69",137,"DE","Deere & Co.","Industrials","Agricultural & Farm Machinery","Negligible",18,4,9,4,0.14,"2021-03-03",110155005952,153.66,23.14,1.4866204,6.64,171.96,106.72,52186628646,4053300000,2.3746448,5.31,"http://www.sec.gov/cgi-bin/browse-edgar?action=getcompany&CIK=DE"
"70",140,"DVN","Devon Energy","Energy","Oil & Gas Exploration & Production","Severe",34,18,9,8,0.7,"2021-03-03",15131288576,34.94,23.93,0.6528836,-6.89,47.25,28.7947,19317380000,3.723e+09,2.0660408,2.85,"http://www.sec.gov/cgi-bin/browse-edgar?action=getcompany&CIK=DVN"
"71",143,"DLR","Digital Realty Trust Inc","Real Estate","Specialized REITs","Negligible",14,3,5,5,0.06,"2021-03-03",36860583936,98.96,16.55,3.5710857,2.19,127.23,101.101,21400952517,1260662000,12.434961,2.32,"http://www.sec.gov/cgi-bin/browse-edgar?action=getcompany&CIK=DLR"
"72",145,"DISCA","Discovery, Inc. (Series A)","Communication Services","Broadcasting","Negligible",18,0,9,9,0.16,"2021-03-03",25621063680,22.87,11,0,1.96,30.25,15.99,8763756733,2.1e+09,1.804088,1.5,"http://www.sec.gov/cgi-bin/browse-edgar?action=getcompany&CIK=DISCA"
"73",148,"DG","Dollar General","Consumer Discretionary","General Merchandise Stores","Negligible",17,3,8,5,0.12,"2021-03-03",45692686336,95.1,21.18,1.0625255,4.43,105.82,65.97,26580644874,2457604000,1.5283886,4.53,"http://www.sec.gov/cgi-bin/browse-edgar?action=getcompany&CIK=DG"
"74",149,"DLTR","Dollar Tree","Consumer Discretionary","General Merchandise Stores","Negligible",18,3,9,6,0.14,"2021-03-03",23272247296,101.58,26.66,0,3.77,116.65,65.63,25151198417,2430300000,1.6097589,4.08,"http://www.sec.gov/cgi-bin/browse-edgar?action=getcompany&CIK=DLTR"
"75",154,"DTE","DTE Energy Co.","Utilities","Multi-Utilities","Severe",31,16,9,6,0.61,"2021-03-03",22859520000,98.49,19.12,3.5559585,4.82,116.74,96.56,17808073691,2.79e+09,1.9091922,1.95,"http://www.sec.gov/cgi-bin/browse-edgar?action=getcompany&CIK=DTE"
"76",155,"DUK","Duke Energy","Utilities","Electric Utilities","Severe",33,16,12,6,0.67,"2021-03-03",67058245632,74.32,16.7,4.7849464,3.12,91.8,72.93,52078185682,9.895e+09,2.9348857,1.27,"http://www.sec.gov/cgi-bin/browse-edgar?action=getcompany&CIK=DUK"
"77",156,"DRE","Duke Realty Corp","Real Estate","Industrial REITs","Negligible",16,6,6,5,0.1,"2021-03-03",14513335296,24.52,19.77,3.1533308,0.88,30.14,24.73,9035293365,529483000,16.077257,1.94,"http://www.sec.gov/cgi-bin/browse-edgar?action=getcompany&CIK=DRE"
"78",158,"DXC","DXC Technology","Information Technology","IT Consulting & Other Services","Negligible",13,1,7,5,0.05,"2021-03-03",6545611264,91.92,79.93,0.7493755,-0.89,102.95,67.76,27408621020,1.628e+09,1.9598055,2.26,"http://www.sec.gov/cgi-bin/browse-edgar?action=getcompany&CIK=DXC"
"79",160,"ETN","Eaton Corporation","Industrials","Electrical Components & Equipment","Negligible",17,5,6,6,0.13,"2021-03-03",53333458944,79.41,17.08,2.9404557,6.68,89.85,69.45,35961772000,4.253e+09,1.8161736,2.17,"http://www.sec.gov/cgi-bin/browse-edgar?action=getcompany&CIK=ETN"
"80",164,"EW","Edwards Lifesciences","Health Care","Health Care Equipment","Negligible",19,3,9,7,0.18,"2021-03-03",53883498496,123.78,32.57,0,2.88,138.48,89.2,27447099863,1156700000,7.8283277,8.48,"http://www.sec.gov/cgi-bin/browse-edgar?action=getcompany&CIK=EW"
"81",165,"EA","Electronic Arts","Communication Services","Interactive Home Entertainment","Negligible",13,0,7,5,0.04,"2021-03-03",39352987648,116.54,34.48,0,3.07,131.01,81.27,37890226992,1.56e+09,7.4415817,8.54,"http://www.sec.gov/cgi-bin/browse-edgar?action=getcompany&CIK=EA"
"82",166,"EMR","Emerson Electric Company","Industrials","Electrical Components & Equipment","Severe",31,9,14,8,0.6,"2021-03-03",52580630528,66.4,25.74,2.813225,2.35,74.45,56.77,44040298425,2.542e+09,3.6707752,5.01,"http://www.sec.gov/cgi-bin/browse-edgar?action=getcompany&CIK=EMR"
"83",168,"ETR","Entergy Corp.","Utilities","Electric Utilities","Severe",35,15,14,6,0.74,"2021-03-03",17794605056,72.02,10.65,4.892126,-3.26,87.95,69.63,13116894887,880700000,1.5543115,1.54,"http://www.sec.gov/cgi-bin/browse-edgar?action=getcompany&CIK=ETR"
"84",169,"EOG","EOG Resources","Energy","Oil & Gas Exploration & Production","Severe",39,20,11,8,0.83,"2021-03-03",37622308864,101.04,246.44,0.63339007,-1.98,119,81.99,61164030149,3692749000,8.02302,4.55,"http://www.sec.gov/cgi-bin/browse-edgar?action=getcompany&CIK=EOG"
"85",171,"EQIX","Equinix","Real Estate","Specialized REITs","Negligible",16,5,5,5,0.1,"2021-03-03",57148723200,409.98,23.06,1.8775817,1.77,495.345,361.9,33333813618,1687152000,10.639136,5.14,"http://www.sec.gov/cgi-bin/browse-edgar?action=getcompany&CIK=EQIX"
"86",172,"EQR","Equity Residential","Real Estate","Residential REITs","Negligible",14,5,4,5,0.06,"2021-03-03",24968421376,55.26,17.6,3.5437918,1.63,70.455,56.07,20925508143,1710686000,8.593619,2.09,"http://www.sec.gov/cgi-bin/browse-edgar?action=getcompany&CIK=EQR"
"87",173,"ESS","Essex Property Trust, Inc.","Real Estate","Residential REITs","Negligible",16,4,5,6,0.1,"2021-03-03",17013609472,218.28,18.66,3.2138102,6.27,270.04,214.03,14383525286,1237886000,14.1830845,2.3,"http://www.sec.gov/cgi-bin/browse-edgar?action=getcompany&CIK=ESS"
"88",178,"RE","Everest Re Group Ltd.","Financials","Reinsurance","Negligible",18,1,7,10,0.15,"2021-03-03",9672929280,241.06,27.24,2.1078234,23.71,277.17,208.81,10131892523,0,2.0991988,1.16,"http://www.sec.gov/cgi-bin/browse-edgar?action=getcompany&CIK=RE"
"89",181,"EXPD","Expeditors","Industrials","Air Freight & Logistics","Negligible",18,4,9,5,0.15,"2021-03-03",15995398144,60.36,25.26,1.3520038,2.36,67.54,51.96,11040678071,721643000,2.190319,5.55,"http://www.sec.gov/cgi-bin/browse-edgar?action=getcompany&CIK=EXPD"
"90",182,"EXR","Extra Space Storage","Real Estate","Specialized REITs","Negligible",14,4,4,6,0.06,"2021-03-03",16457375744,77.56,18.12,3.879632,2.92,88.56,71.34,10133547517,717468000,12.204818,4.54,"http://www.sec.gov/cgi-bin/browse-edgar?action=getcompany&CIK=EXR"
"91",183,"XOM","Exxon Mobil Corp.","Energy","Integrated Oil & Gas","Severe",32,16,9,8,0.65,"2021-03-03",237371211776,76.07,21.37,4.0031195,1.88,89.3,76.05,326148660000,3.9052e+10,1.7701944,1.85,"http://www.sec.gov/cgi-bin/browse-edgar?action=getcompany&CIK=XOM"
"92",184,"FFIV","F5 Networks","Information Technology","Communications Equipment","Negligible",18,1,11,5,0.15,"2021-03-03",11846817792,137.25,21.21,0,6.51,149.5,114.63,8744185796,629940000,4.1203604,6.86,"http://www.sec.gov/cgi-bin/browse-edgar?action=getcompany&CIK=FFIV"
"93",185,"FB","Facebook, Inc.","Communication Services","Interactive Media & Services","Severe",32,1,18,12,0.63,"2021-03-03",737546534912,171.58,27.9,0,5.39,195.32,132.44,523423036576,2.3624e+10,13.241967,7.08,"http://www.sec.gov/cgi-bin/browse-edgar?action=getcompany&CIK=FB"
"94",187,"FRT","Federal Realty Investment Trust","Real Estate","Retail REITs","Negligible",13,2,5,6,0.04,"2021-03-03",7793750016,108.11,18.35,3.5925992,3.5,143.79,109.74,8077368506,540767000,12.898601,3.98,"http://www.sec.gov/cgi-bin/browse-edgar?action=getcompany&CIK=FRT"
"95",189,"FIS","Fidelity National Information Services","Information Technology","Data Processing & Outsourced Services","Negligible",19,0,12,7,0.17,"2021-03-03",86293454848,92.74,22.08,1.322724,1.72,103.65,77.63,32308459680,2.782e+09,4.7038417,3.25,"http://www.sec.gov/cgi-bin/browse-edgar?action=getcompany&CIK=FIS"
"96",191,"FE","FirstEnergy Corp","Utilities","Electric Utilities","Severe",35,17,10,7,0.72,"2021-03-03",17822883840,30.64,11.18,4.673807,-14.49,35.22,27.93,13706075072,-5.067e+09,1.2994481,2.19,"http://www.sec.gov/cgi-bin/browse-edgar?action=getcompany&CIK=FE"
"97",193,"FISV","Fiserv Inc","Information Technology","Data Processing & Outsourced Services","Negligible",20,0,12,7,0.19,"2021-03-03",77443129344,133.05,27.32,0,4.14,144.2,106.2,26918949723,1.911e+09,6.518713,11.54,"http://www.sec.gov/cgi-bin/browse-edgar?action=getcompany&CIK=FISV"
"98",196,"FLS","Flowserve Corporation","Industrials","Industrial Machinery","Severe",38,12,19,8,0.81,"2021-03-03",4927038464,40.82,26.17,1.8291216,1.12,51.92,37.51,5427884956,463066000,2.0803037,3.15,"http://www.sec.gov/cgi-bin/browse-edgar?action=getcompany&CIK=FLS"
"99",197,"FMC","FMC Corporation","Materials","Fertilizers & Agricultural Chemicals","Severe",39,18,14,7,0.82,"2021-03-03",13649433600,80.87,32.48,0.785995,1.56,98.7,56.53,11273961835,557800000,6.0089035,5.26,"http://www.sec.gov/cgi-bin/browse-edgar?action=getcompany&CIK=FMC"
"100",198,"F","Ford Motor Company","Consumer Discretionary","Automobile Manufacturers","Severe",31,10,12,10,0.62,"2021-03-03",49932562432,10.43,5.89,6.7843866,1.9,13.48,10.19,42414328338,9.281e+09,0.27054095,1.26,"http://www.sec.gov/cgi-bin/browse-edgar?action=getcompany&CIK=F"
"101",200,"FTV","Fortive Corp","Industrials","Industrial Machinery","Severe",35,15,14,6,0.75,"2021-03-03",23019388928,69.14,25.05,0.39057052,2.46,76.68,54.8844,24916503061,1508300000,5.1682673,7.17,"http://www.sec.gov/cgi-bin/browse-edgar?action=getcompany&CIK=FTV"
"102",204,"BEN","Franklin Resources","Financials","Asset Management & Custody Banks","Negligible",20,1,10,8,0.2,"2021-03-03",13625691136,38,12.67,2.332657,3,47.65,37.01,21759187973,2711300000,3.399101,1.83,"http://www.sec.gov/cgi-bin/browse-edgar?action=getcompany&CIK=BEN"
"103",205,"FCX","Freeport-McMoRan Inc.","Materials","Copper","Severe",38,19,13,6,0.8,"2021-03-03",51362799616,17.16,14.67,1.1198208,1.24,20.25,11.05,25853969330,5.347e+09,1.6538345,3.66,"http://www.sec.gov/cgi-bin/browse-edgar?action=getcompany&CIK=FCX"
"104",206,"GPS","Gap Inc.","Consumer Discretionary","Apparel Retail","Negligible",13,1,7,6,0.05,"2021-03-03",9623766016,31.17,15.35,2.8203557,1.69,35.68,21.02,12684517721,1.959e+09,1.1289738,3.93,"http://www.sec.gov/cgi-bin/browse-edgar?action=getcompany&CIK=GPS"
"105",207,"GRMN","Garmin Ltd.","Consumer Discretionary","Consumer Electronics","Negligible",20,6,9,5,0.19,"2021-03-03",24331433984,61.13,21.23,3.2339885,2.69,64.96,48.5,11840331607,736798000,5.319881,3.14,"http://www.sec.gov/cgi-bin/browse-edgar?action=getcompany&CIK=GRMN"
"106",209,"GD","General Dynamics","Industrials","Aerospace & Defense","Severe",38,10,20,8,0.8,"2021-03-03",48000913408,206.05,20.71,1.5631542,9.55,229.54,181.94,64180390701,4.618e+09,2.0481362,5.45,"http://www.sec.gov/cgi-bin/browse-edgar?action=getcompany&CIK=GD"
"107",212,"GM","General Motors","Consumer Discretionary","Automobile Manufacturers","Severe",31,10,13,8,0.59,"2021-03-03",77967638528,40.75,6.58,3.5857513,6,46.76,31.92,61536606173,2.3541e+10,0.5633218,1.33,"http://www.sec.gov/cgi-bin/browse-edgar?action=getcompany&CIK=GM"
"108",213,"GPC","Genuine Parts","Consumer Discretionary","Specialty Stores","Negligible",13,4,5,4,0.04,"2021-03-03",15767473152,96.31,21.17,2.7198548,4.6,107.75,79.86,14554321748,1201517000,1.212236,4.33,"http://www.sec.gov/cgi-bin/browse-edgar?action=getcompany&CIK=GPC"
"109",216,"GPN","Global Payments Inc.","Information Technology","Data Processing & Outsourced Services","Negligible",18,0,11,7,0.16,"2021-03-03",59668615168,100.59,27.86,0.037622273,1.58,113.26,76.47,16920023264,960345000,5.775833,4.73,"http://www.sec.gov/cgi-bin/browse-edgar?action=getcompany&CIK=GPN"
"110",218,"GWW","Grainger (W.W.) Inc.","Industrials","Industrial Machinery","Negligible",15,3,6,6,0.07,"2021-03-03",20199213056,258.6,22.57,1.9700643,10.02,298.145,155,14639308205,1279846000,1.3995146,8.1,"http://www.sec.gov/cgi-bin/browse-edgar?action=getcompany&CIK=GWW"
"111",220,"HBI","Hanesbrands Inc","Consumer Discretionary","Apparel, Accessories & Luxury Goods","Negligible",15,1,7,6,0.07,"2021-03-03",6379643392,19.57,10.04,2.7322404,1.41,25.73,18.9,8006268615,926153000,1.6339768,6.17,"http://www.sec.gov/cgi-bin/browse-edgar?action=getcompany&CIK=HBI"
"112",221,"HIG","Hartford Financial Svc.Gp.","Financials","Property & Casualty Insurance","Negligible",19,2,7,10,0.17,"2021-03-03",18447720448,53.34,14.34,1.7901897,2.27,59.2,46.35,19926305632,0,1.3939538,1.15,"http://www.sec.gov/cgi-bin/browse-edgar?action=getcompany&CIK=HIG"
"113",222,"HAS","Hasbro Inc.","Consumer Discretionary","Leisure Products","Negligible",12,0,7,6,0.04,"2021-03-03",13088272384,96.48,20.57,2.2304833,4.34,116.2,87.92,12732072001,1028425000,3.2375681,5.82,"http://www.sec.gov/cgi-bin/browse-edgar?action=getcompany&CIK=HAS"
"114",225,"HSIC","Henry Schein","Health Care","Health Care Distributors","Negligible",15,4,6,6,0.08,"2021-03-03",8963834880,70.85,19.85,0,3.1,93.495,65.28,11452961984,1033985000,1.262194,3.74,"http://www.sec.gov/cgi-bin/browse-edgar?action=getcompany&CIK=HSIC"
"115",228,"HPE","Hewlett Packard Enterprise","Information Technology","Technology Hardware, Storage & Peripherals","Negligible",17,1,10,7,0.13,"2021-03-03",18863048704,15.04,11.57,1.9280206,0.21,24.88,12.815,24800859640,3.683e+09,1.4609766,1.06,"http://www.sec.gov/cgi-bin/browse-edgar?action=getcompany&CIK=HPE"
"116",229,"HLT","Hilton Worldwide Holdings Inc","Consumer Discretionary","Hotels, Resorts & Cruise Lines","Negligible",20,8,8,4,0.2,"2021-03-03",34492792832,78.66,36.42,0.7315289,1.05,88.11,55.79,26242415796,2.815e+09,3.7628453,17.67,"http://www.sec.gov/cgi-bin/browse-edgar?action=getcompany&CIK=HLT"
"117",231,"HOLX","Hologic","Health Care","Health Care Equipment","Severe",31,4,14,12,0.59,"2021-03-03",19278270464,38.8,19.21,0,2.64,46.8,35.76,11181493750,1.561e+09,4.80335,4,"http://www.sec.gov/cgi-bin/browse-edgar?action=getcompany&CIK=HOLX"
"118",232,"HD","Home Depot","Consumer Discretionary","Home Improvement Retail","Negligible",12,3,5,4,0.03,"2021-03-03",280228233216,181.22,28.1,1.8610487,6.46,207.605,136.82,223378633329,1.6513e+10,2.8964398,84.08,"http://www.sec.gov/cgi-bin/browse-edgar?action=getcompany&CIK=HD"
"119",233,"HON","Honeywell Int'l Inc.","Industrials","Industrial Conglomerates","Severe",31,10,12,9,0.6,"2021-03-03",143676588032,146.02,20.68,1.9710299,2.08,165.13,119.31,114422168609,8.333e+09,2.8267899,5.71,"http://www.sec.gov/cgi-bin/browse-edgar?action=getcompany&CIK=HON"
"120",235,"HST","Host Hotels & Resorts","Real Estate","Hotel & Resort REITs","Negligible",14,4,6,5,0.07,"2021-03-03",11292893184,18.75,11.23,4.1131105,1.02,21.53,17.26,14394715334,1.547e+09,3.5549128,2.02,"http://www.sec.gov/cgi-bin/browse-edgar?action=getcompany&CIK=HST"
"121",237,"HPQ","HP Inc.","Information Technology","Technology Hardware, Storage & Peripherals","Negligible",11,0,5,6,0.02,"2021-03-03",37447864320,19.92,12.07,2.6270628,1.49,24.1,15.39,34895294088,3.7e+09,0.8954903,0.66,"http://www.sec.gov/cgi-bin/browse-edgar?action=getcompany&CIK=HPQ"
"122",244,"ITW","Illinois Tool Works","Industrials","Industrial Machinery","Negligible",19,4,9,6,0.19,"2021-03-03",65390706688,156.15,23.62,1.9089574,4.86,179.07,126.52,55994378108,3.924e+09,3.9286149,10.99,"http://www.sec.gov/cgi-bin/browse-edgar?action=getcompany&CIK=ITW"
"123",245,"ILMN","Illumina Inc","Health Care","Life Sciences Tools & Services","Negligible",11,1,4,6,0.02,"2021-03-03",64343359488,209.54,52.25,0,4.92,248.97,158.0203,32295200000,1.192e+09,11.713953,10.89,"http://www.sec.gov/cgi-bin/browse-edgar?action=getcompany&CIK=ILMN"
"124",248,"INTC","Intel Corp.","Information Technology","Semiconductors","Negligible",16,4,6,6,0.1,"2021-03-03",248818122752,42.75,12.32,2.6548672,1.98,50.85,33.23,2.11536e+11,2.6247e+10,3.348876,3.34,"http://www.sec.gov/cgi-bin/browse-edgar?action=getcompany&CIK=INTC"
"125",249,"ICE","Intercontinental Exchange","Financials","Financial Exchanges & Data","Negligible",16,1,7,8,0.1,"2021-03-03",63821152256,67,22.95,5.4298644,2.37,76.1378,56.8,41373051167,3.103e+09,9.619987,2.62,"http://www.sec.gov/cgi-bin/browse-edgar?action=getcompany&CIK=ICE"
"126",250,"IBM","International Business Machines","Information Technology","IT Consulting & Other Services","Negligible",18,0,10,7,0.15,"2021-03-03",107526168576,147.59,10.67,3.8999026,6.11,182.79,139.13,142433003505,1.6557e+10,1.817167,7.7,"http://www.sec.gov/cgi-bin/browse-edgar?action=getcompany&CIK=IBM"
"127",252,"IPG","Interpublic Group","Communication Services","Advertising","Negligible",16,0,10,6,0.1,"2021-03-03",10532678656,21.34,15.46,3.3802817,1.49,25.71,18.3,8277363031,1074900000,1.4712903,4.01,"http://www.sec.gov/cgi-bin/browse-edgar?action=getcompany&CIK=IPG"
"128",254,"INTU","Intuit Inc.","Information Technology","Application Software","Negligible",17,1,10,6,0.11,"2021-03-03",110015217664,152.75,40.52,0.96720195,3.72,170.59,111.9,41233771565,1.654e+09,9.633731,33.5,"http://www.sec.gov/cgi-bin/browse-edgar?action=getcompany&CIK=INTU"
"129",255,"ISRG","Intuitive Surgical Inc.","Health Care","Health Care Equipment","Severe",30,5,14,11,0.58,"2021-03-03",88288501760,381.87,48.58,0,5.67,452,233.10643,44866621303,1153700000,14.655261,9.48,"http://www.sec.gov/cgi-bin/browse-edgar?action=getcompany&CIK=ISRG"
"130",259,"IRM","Iron Mountain Incorporated","Real Estate","Specialized REITs","Negligible",15,5,4,5,0.08,"2021-03-03",10140881920,32.07,15.42,7.08258,0.46,41.53,32.05,9410249279,1116140000,3.2898626,4.97,"http://www.sec.gov/cgi-bin/browse-edgar?action=getcompany&CIK=IRM"
"131",262,"JBHT","J. B. Hunt Transport Services","Industrials","Trucking","Negligible",15,4,6,5,0.08,"2021-03-03",15932914688,114.81,30.62,0.8139042,6.19,126.49,83.35,12945366350,1007309000,1.7697402,8.55,"http://www.sec.gov/cgi-bin/browse-edgar?action=getcompany&CIK=JBHT"
"132",264,"JNJ","Johnson & Johnson","Health Care","Pharmaceuticals","Severe",30,1,20,10,0.59,"2021-03-03",418012692480,126.36,17.31,2.5566885,0.39,148.32,113.15,353062464971,2.243e+10,4.6326222,4.74,"http://www.sec.gov/cgi-bin/browse-edgar?action=getcompany&CIK=JNJ"
"133",265,"JCI","Johnson Controls International","Industrials","Building Products","Negligible",18,9,3,6,0.14,"2021-03-03",41270415360,36.55,14,2.7659574,1.71,44.37,34.51,34822224800,4.295e+09,1.1415336,1.69,"http://www.sec.gov/cgi-bin/browse-edgar?action=getcompany&CIK=JCI"
"134",267,"JNPR","Juniper Networks","Information Technology","Communications Equipment","Negligible",16,0,9,6,0.1,"2021-03-03",7810493440,24.66,14.09,1.5754234,0.78,30.96,23.87,9267350000,1115500000,1.8543326,1.78,"http://www.sec.gov/cgi-bin/browse-edgar?action=getcompany&CIK=JNPR"
"135",273,"KIM","Kimco Realty","Real Estate","Retail REITs","Negligible",14,4,4,5,0.06,"2021-03-03",7848785920,14.01,9.28,7.7134986,0.8,25.15,14.33,6180487499,701190000,7.0508943,1.2,"http://www.sec.gov/cgi-bin/browse-edgar?action=getcompany&CIK=KIM"
"136",274,"KMI","Kinder Morgan","Energy","Oil & Gas Storage & Transportation","Negligible",18,9,6,4,0.16,"2021-03-03",34170552320,16.8,25.07,2.891845,0.01,22.75,16.56,38612712234,5.981e+09,2.823936,1.07,"http://www.sec.gov/cgi-bin/browse-edgar?action=getcompany&CIK=KMI"
"137",275,"KLAC","KLA Corporation","Information Technology","Semiconductor Equipment","Negligible",20,7,7,6,0.19,"2021-03-03",47735521280,98.54,16.59,2.2988505,5.88,121.65,86.33,16078622033,1506642000,4.3395863,12.93,"http://www.sec.gov/cgi-bin/browse-edgar?action=getcompany&CIK=KLAC"
"138",276,"KHC","Kraft Heinz Co","Consumer Staples","Packaged Foods & Meats","Severe",33,12,14,7,0.69,"2021-03-03",45649080320,71.58,20.11,3.3990483,2.81,97.77,72.05,89618309338,7.832e+09,4.6780853,1.54,"http://www.sec.gov/cgi-bin/browse-edgar?action=getcompany&CIK=KHC"
"139",278,"LB","L Brands Inc.","Consumer Discretionary","Apparel Retail","Negligible",16,2,8,6,0.1,"2021-03-03",15524043776,47.77,12.77,4.886988,3.98,63.1,35,13862042842,2.329e+09,1.7060977,1403.38,"http://www.sec.gov/cgi-bin/browse-edgar?action=getcompany&CIK=LB"
"140",280,"LH","Laboratory Corp. of America Holding","Health Care","Health Care Services","Negligible",15,1,8,7,0.08,"2021-03-03",23780239360,165.46,17.79,0,7.02,181.715,130.292,17271388000,1861200000,2.2459624,2.71,"http://www.sec.gov/cgi-bin/browse-edgar?action=getcompany&CIK=LH"
"141",281,"LRCX","Lam Research","Information Technology","Semiconductor Equipment","Negligible",17,5,6,6,0.12,"2021-03-03",81937727488,162.23,16.29,1.1652974,9.22,219.7,113.1982,27967534829,2967218000,3.0405293,4.52,"http://www.sec.gov/cgi-bin/browse-edgar?action=getcompany&CIK=LRCX"
"142",287,"LLY","Lilly (Eli) & Co.","Health Care","Pharmaceuticals","Severe",31,2,18,11,0.6,"2021-03-03",195653074944,74.21,17.34,2.9327424,-0.2,89.09,75.71,84475986228,3459800000,3.754678,5.73,"http://www.sec.gov/cgi-bin/browse-edgar?action=getcompany&CIK=LLY"
"143",291,"LKQ","LKQ Corporation","Consumer Discretionary","Distributors","Negligible",14,5,5,4,0.06,"2021-03-03",12093048832,38.86,21.35,0,1.5,43.8599,27.85,12469931896,1065614000,1.723609,3.02,"http://www.sec.gov/cgi-bin/browse-edgar?action=getcompany&CIK=LKQ"
"144",293,"L","Loews Corp.","Financials","Multi-line Insurance","Negligible",15,1,3,11,0.08,"2021-03-03",13186781184,46.05,15.99,4.5131636,1.93,53.59,45.01,16111166935,0,1.5809761,0.85,"http://www.sec.gov/cgi-bin/browse-edgar?action=getcompany&CIK=L"
"145",294,"LOW","Lowe's Cos.","Consumer Discretionary","Home Improvement Retail","Negligible",13,4,5,3,0.04,"2021-03-03",119189553152,95.01,23.87,1.6413131,3.46,108.98,70.76,82909678852,7.858e+09,1.5653384,14.1,"http://www.sec.gov/cgi-bin/browse-edgar?action=getcompany&CIK=LOW"
"146",302,"MMC","Marsh & McLennan","Financials","Insurance Brokers","Negligible",19,0,8,11,0.19,"2021-03-03",58929364992,79.31,20.23,1.8257059,2.87,86.54,69.33,41819440000,3.236e+09,2.9848945,5.85,"http://www.sec.gov/cgi-bin/browse-edgar?action=getcompany&CIK=MMC"
"147",303,"MLM","Martin Marietta Materials","Materials","Construction Materials","Severe",31,18,5,9,0.62,"2021-03-03",20965113856,208.42,30.38,0.8042038,6.63,244.32,191.09,13756812736,975223000,4.416998,3.03,"http://www.sec.gov/cgi-bin/browse-edgar?action=getcompany&CIK=MLM"
"148",304,"MAS","Masco Corp.","Industrials","Building Products","Negligible",20,11,3,6,0.2,"2021-03-03",13883097088,40.7,22.12,0.98383695,1.47,46.445,31.29,13428792315,1.179e+09,2.308266,11.93,"http://www.sec.gov/cgi-bin/browse-edgar?action=getcompany&CIK=MAS"
"149",305,"MA","Mastercard Inc.","Information Technology","Data Processing & Outsourced Services","Negligible",16,0,8,9,0.1,"2021-03-03",360411594752,160.62,34.99,0.5926628,3.65,177.11,105.8,187102014193,7.113e+09,15.020556,26.93,"http://www.sec.gov/cgi-bin/browse-edgar?action=getcompany&CIK=MA"
"150",309,"MCK","McKesson Corp.","Health Care","Health Care Distributors","Negligible",16,2,9,5,0.1,"2021-03-03",27650492416,150.23,11.68,0.8898776,22.74,178.86,133.82,31534840262,7.232e+09,0.15318617,2.68,"http://www.sec.gov/cgi-bin/browse-edgar?action=getcompany&CIK=MCK"
"151",312,"MET","MetLife Inc.","Financials","Life & Health Insurance","Negligible",19,1,8,9,0.16,"2021-03-03",52144160768,44.28,8.52,3.4587116,0.63,56.58,44.58,48679364276,0,1.0496864,0.85,"http://www.sec.gov/cgi-bin/browse-edgar?action=getcompany&CIK=MET"
"152",313,"MTD","Mettler Toledo","Health Care","Life Sciences Tools & Services","Negligible",11,1,5,6,0.02,"2021-03-03",26277117952,601,35.56,0,14.24,697.26,459.34,16420774443,666706000,8.372307,31.69,"http://www.sec.gov/cgi-bin/browse-edgar?action=getcompany&CIK=MTD"
"153",315,"MCHP","Microchip Technology","Information Technology","Semiconductors","Severe",34,16,9,9,0.71,"2021-03-03",40952057856,79.9,21.77,1.7512966,0.66,99.17,69.76,19393095636,997492000,7.4475183,5.9,"http://www.sec.gov/cgi-bin/browse-edgar?action=getcompany&CIK=MCHP"
"154",316,"MU","Micron Technology","Information Technology","Semiconductors","Severe",32,15,9,7,0.63,"2021-03-03",101899640832,40,9.01,0,4.36,49.89,22.64,48576791974,1.2541e+10,2.1912806,2.02,"http://www.sec.gov/cgi-bin/browse-edgar?action=getcompany&CIK=MU"
"155",317,"MSFT","Microsoft Corp.","Information Technology","Systems Software","Negligible",15,0,9,5,0.07,"2021-03-03",1763898949632,85.01,25.76,1.8747908,2.97,96.07,63.22,689978437468,4.1079e+10,7.1130967,9.49,"http://www.sec.gov/cgi-bin/browse-edgar?action=getcompany&CIK=MSFT"
"156",318,"MAA","Mid-America Apartments","Real Estate","Residential REITs","Negligible",19,6,7,6,0.17,"2021-03-03",15476832256,85.39,14.38,4.19652,2.86,110.95,86.95,9992628990,871483000,6.6291075,1.6,"http://www.sec.gov/cgi-bin/browse-edgar?action=getcompany&CIK=MAA"
"157",319,"MHK","Mohawk Industries","Consumer Discretionary","Home Furnishings","Negligible",14,5,5,4,0.07,"2021-03-03",12744686592,256.57,19.08,0,12.48,286.85,209.9,19897356456,1750393000,2.7977824,2.88,"http://www.sec.gov/cgi-bin/browse-edgar?action=getcompany&CIK=MHK"
"158",320,"TAP","Molson Coors Beverage Company","Consumer Staples","Brewers","Negligible",19,6,7,6,0.16,"2021-03-03",9763122176,74.51,17.66,2.1533613,9.27,102.14,75.79,12396862128,4708400000,1.2371694,1.34,"http://www.sec.gov/cgi-bin/browse-edgar?action=getcompany&CIK=TAP"
"159",323,"MNST","Monster Beverage","Consumer Staples","Soft Drinks","Severe",32,14,12,6,0.65,"2021-03-03",45881065472,61.99,42.17,0,1.19,70.215,41.02,36403831015,1229478000,14.152587,9.56,"http://www.sec.gov/cgi-bin/browse-edgar?action=getcompany&CIK=MNST"
"160",324,"MCO","Moody's Corp","Financials","Financial Exchanges & Data","Negligible",12,0,6,6,0.03,"2021-03-03",52599422976,152.14,26.55,1.114065,1.35,167.23,106.48,30189978000,1.238e+09,9.932974,73.84,"http://www.sec.gov/cgi-bin/browse-edgar?action=getcompany&CIK=MCO"
"161",326,"MOS","The Mosaic Company","Materials","Fertilizers & Agricultural Chemicals","Severe",35,15,12,8,0.74,"2021-03-03",11839074304,24.13,23.66,0.3960396,0.85,34.36,19.23,9726962131,1165100000,1.8161958,0.94,"http://www.sec.gov/cgi-bin/browse-edgar?action=getcompany&CIK=MOS"
"162",327,"MSI","Motorola Solutions Inc.","Information Technology","Communications Equipment","Negligible",14,2,7,5,0.07,"2021-03-03",30397995008,98.74,19.03,2.0266979,-1.08,107.78,77.23,16626039679,1.629e+09,2.6092634,6.81,"http://www.sec.gov/cgi-bin/browse-edgar?action=getcompany&CIK=MSI"
"163",329,"NDAQ","Nasdaq, Inc.","Financials","Financial Exchanges & Data","Negligible",15,2,7,7,0.08,"2021-03-03",23176908800,75.21,17.78,1.9671283,4.32,83.29,65.98,12844304115,1.212e+09,3.2591083,2.25,"http://www.sec.gov/cgi-bin/browse-edgar?action=getcompany&CIK=NDAQ"
"164",330,"NTAP","NetApp","Information Technology","Technology Hardware, Storage & Peripherals","Negligible",16,3,8,6,0.1,"2021-03-03",14234091520,55.85,26.1,1.3881658,1.81,64.0599,37.43,15375210915,1.075e+09,3.6687026,5.46,"http://www.sec.gov/cgi-bin/browse-edgar?action=getcompany&CIK=NTAP"
"165",331,"NFLX","Netflix Inc.","Communication Services","Movies & Entertainment","Negligible",18,0,8,10,0.15,"2021-03-03",242626740224,250.1,200.08,0,1.25,286.81,138.26,114805404842,809028000,9.861594,30.8,"http://www.sec.gov/cgi-bin/browse-edgar?action=getcompany&CIK=NFLX"
"166",332,"NWL","Newell Brands","Consumer Discretionary","Housewares & Specialties","Negligible",16,7,5,4,0.1,"2021-03-03",10211630080,27.91,9.72,3.1228786,1.17,55.08,23.85,14438346000,2021400000,1.2810479,1.01,"http://www.sec.gov/cgi-bin/browse-edgar?action=getcompany&CIK=NWL"
"167",334,"NWSA","News Corp (Class A)","Communication Services","Publishing","Negligible",14,0,6,9,0.07,"2021-03-03",13842637824,15.65,43.47,1.24533,-1.28,17.29,12,9356906461,6.79e+08,1.5518167,0.85,"http://www.sec.gov/cgi-bin/browse-edgar?action=getcompany&CIK=NWSA"
"168",338,"NKE","Nike, Inc.","Consumer Discretionary","Apparel, Accessories & Luxury Goods","Negligible",15,2,6,7,0.07,"2021-03-03",216010670080,62.49,24.9,1.2189548,2.51,68.83,50.35,106776113744,5.162e+09,3.0549932,8.91,"http://www.sec.gov/cgi-bin/browse-edgar?action=getcompany&CIK=NKE"
"169",339,"NI","NiSource Inc.","Utilities","Multi-Utilities","Severe",32,15,11,7,0.65,"2021-03-03",8530792448,22.51,19.57,3.3780859,1.02,27.76,21.93,7776566371,1448600000,2.2361343,1.82,"http://www.sec.gov/cgi-bin/browse-edgar?action=getcompany&CIK=NI"
"170",342,"NOC","Northrop Grumman","Industrials","Aerospace & Defense","Severe",31,9,17,5,0.59,"2021-03-03",49812004864,324.01,24.4,1.3030859,11.47,349.18,231.98,58782413951,3.884e+09,2.209576,7.96,"http://www.sec.gov/cgi-bin/browse-edgar?action=getcompany&CIK=NOC"
"171",345,"NOV","NOV Inc.","Energy","Oil & Gas Equipment & Services","Severe",35,13,13,9,0.73,"2021-03-03",5823164928,32.64,-77.71,0.5873715,-6.4,41.895,29.9,12940096785,3.53e+08,2.5209634,0.91,"http://www.sec.gov/cgi-bin/browse-edgar?action=getcompany&CIK=NOV"
"172",346,"NRG","NRG Energy","Utilities","Independent Power Producers & Energy Traders","Severe",32,17,9,6,0.63,"2021-03-03",9592999936,24,17.78,1.4195584,-2.23,29.78,14.52,8030036023,1.774e+09,0.9933021,6.73,"http://www.sec.gov/cgi-bin/browse-edgar?action=getcompany&CIK=NRG"
"173",347,"NUE","Nucor Corp.","Materials","Steel","Severe",37,15,14,9,0.79,"2021-03-03",18422224896,60.38,17.01,2.415766,4.1,70.48,51.67,20003317128,2648729000,0.99837583,2.34,"http://www.sec.gov/cgi-bin/browse-edgar?action=getcompany&CIK=NUE"
"174",348,"NVDA","Nvidia Corporation","Information Technology","Semiconductors","Negligible",13,2,4,7,0.05,"2021-03-03",332475006976,217.52,82.08,0.26223776,2.57,249.27,95.17,138652800000,3.098e+09,20.094294,20.39,"http://www.sec.gov/cgi-bin/browse-edgar?action=getcompany&CIK=NVDA"
"175",350,"ORLY","O'Reilly Automotive","Consumer Discretionary","Specialty Stores","Negligible",12,0,8,4,0.04,"2021-03-03",31688497152,252.22,21.91,0,10.73,279.23,169.43,21433781860,1965187000,3.1934319,34.12,"http://www.sec.gov/cgi-bin/browse-edgar?action=getcompany&CIK=ORLY"
"176",353,"OMC","Omnicom Group","Communication Services","Advertising","Negligible",18,0,10,8,0.15,"2021-03-03",15403602944,75.91,15.27,3.1838684,4.79,86.71,65.32,17377551986,2.366e+09,1.5327156,6.66,"http://www.sec.gov/cgi-bin/browse-edgar?action=getcompany&CIK=OMC"
"177",355,"ORCL","Oracle Corp.","Information Technology","Application Software","Negligible",18,0,11,7,0.15,"2021-03-03",196249042944,46.84,18.81,1.5551463,2.2,53.14,40.01,202302349740,1.6545e+10,5.2561646,3.56,"http://www.sec.gov/cgi-bin/browse-edgar?action=getcompany&CIK=ORCL"
"178",357,"PCAR","Paccar","Industrials","Construction Machinery & Heavy Trucks","Severe",35,8,17,9,0.73,"2021-03-03",32674525184,66.98,15.72,1.455816,4.75,79.69,61.93,24152102921,3619200000,1.28693,3.07,"http://www.sec.gov/cgi-bin/browse-edgar?action=getcompany&CIK=PCAR"
"179",358,"PKG","Packaging Corporation of America","Materials","Paper Packaging","Negligible",20,13,2,4,0.2,"2021-03-03",12935515136,111.95,18.57,2.1514556,7.07,131.1316,88.47,11051273948,1214900000,1.741522,5.54,"http://www.sec.gov/cgi-bin/browse-edgar?action=getcompany&CIK=PKG"
"180",360,"PAYX","Paychex Inc.","Information Technology","Data Processing & Outsourced Services","Negligible",16,0,9,7,0.1,"2021-03-03",33228539904,61.86,27.49,3.0892801,2.26,73.1,54.2,23253666810,1414900000,7.248487,11.77,"http://www.sec.gov/cgi-bin/browse-edgar?action=getcompany&CIK=PAYX"
"181",362,"PYPL","PayPal","Information Technology","Data Processing & Outsourced Services","Negligible",18,0,11,6,0.14,"2021-03-03",315269971968,72.32,49.53,0,1.47,86.32,39.92,9.0708e+10,2.932e+09,6.935696,5.81,"http://www.sec.gov/cgi-bin/browse-edgar?action=getcompany&CIK=PYPL"
"182",363,"PNR","Pentair plc","Industrials","Industrial Machinery","Severe",33,10,16,8,0.69,"2021-03-03",9581892608,66.67,18.89,2.03933,3.63,74.84,57.63,12466660892,863700000,2.5191512,2.48,"http://www.sec.gov/cgi-bin/browse-edgar?action=getcompany&CIK=PNR"
"183",368,"PFE","Pfizer Inc.","Health Care","Pharmaceuticals","Severe",30,2,16,12,0.57,"2021-03-03",186906378240,33.63,12.69,3.8879359,3.51,39.43,31.67,208505541949,2.0569e+10,4.0020885,3.4,"http://www.sec.gov/cgi-bin/browse-edgar?action=getcompany&CIK=PFE"
"184",370,"PSX","Phillips 66","Energy","Oil & Gas Refining & Marketing","Severe",32,18,8,5,0.63,"2021-03-03",35945902080,92.44,21.11,2.928564,9.93,107.47,75.135,47996220000,5.311e+09,0.47499472,2.12,"http://www.sec.gov/cgi-bin/browse-edgar?action=getcompany&CIK=PSX"
"185",372,"PXD","Pioneer Natural Resources","Energy","Oil & Gas Exploration & Production","Severe",37,18,10,9,0.8,"2021-03-03",32376999936,169.16,118.29,0.1816118,-3.39,199.83,125.46,29983119693,1.717e+09,6.7890477,2.76,"http://www.sec.gov/cgi-bin/browse-edgar?action=getcompany&CIK=PXD"
"186",376,"PPL","PPL Corp.","Utilities","Electric Utilities","Severe",35,19,11,5,0.74,"2021-03-03",20870252544,29.52,12.83,5.2196894,2.79,40.2,29.205,20839814845,3.937e+09,3.7497053,1.95,"http://www.sec.gov/cgi-bin/browse-edgar?action=getcompany&CIK=PPL"
"187",383,"PSA","Public Storage","Real Estate","Specialized REITs","Negligible",15,5,4,5,0.07,"2021-03-03",41004617728,180.49,18.21,4.316159,6.81,232.21,180.9254,32258539942,1924803000,16.16417,6.56,"http://www.sec.gov/cgi-bin/browse-edgar?action=getcompany&CIK=PSA"
"188",385,"PVH","PVH Corp.","Consumer Discretionary","Apparel, Accessories & Luxury Goods","Negligible",13,1,7,5,0.05,"2021-03-03",7260041216,142.68,20.98,0.100529455,6.77,157.96,84.53,11478625926,1057500000,1.7617522,2.14,"http://www.sec.gov/cgi-bin/browse-edgar?action=getcompany&CIK=PVH"
"189",386,"QRVO","Qorvo","Information Technology","Semiconductors","Severe",32,16,9,7,0.65,"2021-03-03",20098519040,76.85,19.71,0,-0.13,85.24,62.68,9877885146,806875000,3.389142,1.98,"http://www.sec.gov/cgi-bin/browse-edgar?action=getcompany&CIK=QRVO"
"190",387,"PWR","Quanta Services Inc.","Industrials","Construction & Engineering","Severe",36,9,17,11,0.76,"2021-03-03",11693484032,33.51,17.54,0,1.28,40.105,30.23,5330131216,649404000,0.77893436,1.43,"http://www.sec.gov/cgi-bin/browse-edgar?action=getcompany&CIK=PWR"
"191",388,"QCOM","Qualcomm","Information Technology","Semiconductors","Negligible",19,6,3,9,0.18,"2021-03-03",155677425664,62.42,16.51,3.5055351,1.65,69.28,48.92,96282828902,4.191e+09,4.263658,3.82,"http://www.sec.gov/cgi-bin/browse-edgar?action=getcompany&CIK=QCOM"
"192",389,"DGX","Quest Diagnostics","Health Care","Health Care Services","Negligible",19,0,10,9,0.17,"2021-03-03",15822424064,96.42,17.07,1.9884669,5.5,112.965,90.1,13578300000,1.453e+09,1.7709883,2.82,"http://www.sec.gov/cgi-bin/browse-edgar?action=getcompany&CIK=DGX"
"193",390,"RL","Ralph Lauren Corporation","Consumer Discretionary","Apparel, Accessories & Luxury Goods","Negligible",14,1,7,6,0.06,"2021-03-03",8894121984,101.32,17.74,1.8570102,-1.19,119.33,66.06,8753430477,506100000,1.3948758,2.44,"http://www.sec.gov/cgi-bin/browse-edgar?action=getcompany&CIK=RL"
"194",393,"O","Realty Income Corporation","Real Estate","Retail REITs","Negligible",17,5,6,5,0.11,"2021-03-03",22541615104,47.56,15.54,5.372036,1.12,63.6,48.89,13784942453,1075568000,15.588069,1.92,"http://www.sec.gov/cgi-bin/browse-edgar?action=getcompany&CIK=O"
"195",394,"REG","Regency Centers Corporation","Real Estate","Retail REITs","Negligible",12,4,4,5,0.03,"2021-03-03",9197088768,55.58,15.27,3.6850338,1.43,72.05,56.66,9858367494,487636000,13.762162,1.51,"http://www.sec.gov/cgi-bin/browse-edgar?action=getcompany&CIK=REG"
"196",396,"RF","Regions Financial Corp.","Financials","Regional Banks","Negligible",19,2,10,8,0.18,"2021-03-03",20279828480,17.9,17.9,1.8987342,1,19.9,13,21500640000,0,3.474771,1.32,"http://www.sec.gov/cgi-bin/browse-edgar?action=getcompany&CIK=RF"
"197",399,"RHI","Robert Half International","Industrials","Human Resource & Employment Services","Negligible",11,0,7,4,0.02,"2021-03-03",8779631616,52.26,20.18,1.7075773,2.32,60.59,42.92,7047165475,565196000,1.3330402,5.98,"http://www.sec.gov/cgi-bin/browse-edgar?action=getcompany&CIK=RHI"
"198",403,"ROST","Ross Stores","Consumer Discretionary","Apparel Retail","Negligible",15,2,8,6,0.08,"2021-03-03",41934307328,75.06,26.52,0.82061803,2.83,85.66,52.85,29803566306,2247009000,2.9734495,10.28,"http://www.sec.gov/cgi-bin/browse-edgar?action=getcompany&CIK=ROST"
"199",405,"SPGI","S&P Global Inc.","Financials","Financial Exchanges & Data","Negligible",13,2,6,5,0.04,"2021-03-03",80138657792,173.31,27.38,1.0947506,7.95,185.38,124.64,46585950000,3.021e+09,10.254704,50.56,"http://www.sec.gov/cgi-bin/browse-edgar?action=getcompany&CIK=SPGI"
"200",406,"CRM","Salesforce.com","Information Technology","Application Software","Negligible",11,0,6,4,0.02,"2021-03-03",195908681728,104.03,520.15,0,0.27,114.52,79.63,79489115000,925804000,10.3738785,8.81,"http://www.sec.gov/cgi-bin/browse-edgar?action=getcompany&CIK=CRM"
"201",407,"SBAC","SBA Communications","Real Estate","Specialized REITs","Negligible",17,2,8,7,0.13,"2021-03-03",26928549888,159.85,199.81,0,0.62,177.67,103.51,19572031314,1074240000,15.189207,91.04,"http://www.sec.gov/cgi-bin/browse-edgar?action=getcompany&CIK=SBAC"
"202",409,"STX","Seagate Technology","Information Technology","Technology Hardware, Storage & Peripherals","Negligible",11,2,4,5,0.02,"2021-03-03",17164177408,47.44,11.51,5.085772,2.58,56.45,30.6,14113197720,1.811e+09,1.3048558,13.33,"http://www.sec.gov/cgi-bin/browse-edgar?action=getcompany&CIK=STX"
"203",410,"SEE","Sealed Air","Materials","Paper Packaging","Negligible",20,14,3,3,0.2,"2021-03-03",6757566976,42.62,21.31,1.4427412,2.46,50.62,41.22,8001938397,969700000,2.4700067,10.55,"http://www.sec.gov/cgi-bin/browse-edgar?action=getcompany&CIK=SEE"
"204",414,"SPG","Simon Property Group Inc","Real Estate","Retail REITs","Negligible",15,6,5,5,0.08,"2021-03-03",36686991360,152.18,13.56,5.0368075,6.25,187.35,150.15,48139839531,4411515000,8.754495,13.24,"http://www.sec.gov/cgi-bin/browse-edgar?action=getcompany&CIK=SPG"
"205",415,"SWKS","Skyworks Solutions","Information Technology","Semiconductors","Severe",33,15,10,8,0.69,"2021-03-03",29663860736,99.04,16.45,1.2629502,5.41,117.65,90.53,18493080922,1122900000,6.9704437,4.25,"http://www.sec.gov/cgi-bin/browse-edgar?action=getcompany&CIK=SWKS"
"206",416,"SLG","SL Green Realty","Real Estate","Office REITs","Negligible",13,3,4,6,0.05,"2021-03-03",4830505984,90.61,14.07,3.4998922,0.88,115.34,91.2,8617714345,795889000,6.5820084,1.32,"http://www.sec.gov/cgi-bin/browse-edgar?action=getcompany&CIK=SLG"
"207",417,"SNA","Snap-on","Industrials","Industrial Machinery","Severe",33,11,14,8,0.66,"2021-03-03",11377772544,156.72,15.81,1.968433,9.2,185.47,140.83,9499107736,982200000,3.5114813,3.21,"http://www.sec.gov/cgi-bin/browse-edgar?action=getcompany&CIK=SNA"
"208",418,"SO","Southern Company","Utilities","Electric Utilities","Severe",32,13,12,7,0.64,"2021-03-03",61103755264,43.4,15.78,5.3530226,2.53,53.51,42.63,43497224128,6.012e+09,2.5080602,1.82,"http://www.sec.gov/cgi-bin/browse-edgar?action=getcompany&CIK=SO"
"209",419,"LUV","Southwest Airlines","Industrials","Airlines","Severe",31,10,15,6,0.62,"2021-03-03",34147096576,55.63,15.89,0.863707,5.82,66.985,49.76,34351211637,4.533e+09,1.6294897,3.84,"http://www.sec.gov/cgi-bin/browse-edgar?action=getcompany&CIK=LUV"
"210",424,"SYK","Stryker Corp.","Health Care","Health Care Equipment","Severe",34,5,18,12,0.72,"2021-03-03",92315959296,148.01,23.46,1.2234008,2.68,170,122.01,57509096756,2.863e+09,4.635566,5.54,"http://www.sec.gov/cgi-bin/browse-edgar?action=getcompany&CIK=SYK"
"211",426,"SYF","Synchrony Financial","Financials","Consumer Finance","Negligible",19,0,12,7,0.19,"2021-03-03",23098372096,34.98,13.35,1.6,2.41,40.59,26.01,28893750000,0,2.1096623,1.97,"http://www.sec.gov/cgi-bin/browse-edgar?action=getcompany&CIK=SYF"
"212",427,"SNPS","Synopsys Inc.","Information Technology","Application Software","Negligible",15,1,9,4,0.07,"2021-03-03",37768691712,82.62,67.72,0,0.87,94.8,64.75,12767067883,579844000,6.276264,3.98,"http://www.sec.gov/cgi-bin/browse-edgar?action=getcompany&CIK=SNPS"
"213",428,"SYY","Sysco Corp.","Consumer Staples","Food Distributors","Negligible",12,2,5,4,0.03,"2021-03-03",40848273408,57,22.98,2.4644873,2.08,64.27,48.85,30445320778,2988725000,0.7295535,13.4,"http://www.sec.gov/cgi-bin/browse-edgar?action=getcompany&CIK=SYY"
"214",430,"TROW","T. Rowe Price Group","Financials","Asset Management & Custody Banks","Negligible",20,2,12,6,0.19,"2021-03-03",38671036416,101.99,19.92,2.140443,4.75,120.07,66.7,25810865035,2281400000,7.3911157,4.61,"http://www.sec.gov/cgi-bin/browse-edgar?action=getcompany&CIK=TROW"
"215",433,"TGT","Target Corp.","Consumer Discretionary","General Merchandise Stores","Negligible",15,2,8,5,0.07,"2021-03-03",86879109120,71.11,14.19,3.3856654,4.71,78.7,48.56,39816696539,7.105e+09,0.8047394,3.45,"http://www.sec.gov/cgi-bin/browse-edgar?action=getcompany&CIK=TGT"
"216",434,"TEL","TE Connectivity Ltd.","Information Technology","Electronic Manufacturing Services","Negligible",16,7,5,5,0.1,"2021-03-03",44600524800,95.27,19.72,1.6062645,4.71,108.23,71.93,34983666316,2.797e+09,2.5734365,3.6,"http://www.sec.gov/cgi-bin/browse-edgar?action=getcompany&CIK=TEL"
"217",439,"TXN","Texas Instruments","Information Technology","Semiconductors","Negligible",18,6,5,6,0.13,"2021-03-03",160940589056,97.66,24.05,2.4318495,3.6,120.75,74.52,100262526470,7.013e+09,6.9572234,9.32,"http://www.sec.gov/cgi-bin/browse-edgar?action=getcompany&CIK=TXN"
"218",440,"TXT","Textron Inc.","Industrials","Aerospace & Defense","Severe",35,10,18,7,0.74,"2021-03-03",11637786624,55.54,22.13,0.1381454,1.14,62.19,45,15254672353,1.454e+09,1.0645695,2.57,"http://www.sec.gov/cgi-bin/browse-edgar?action=getcompany&CIK=TXT"
"219",441,"TMO","Thermo Fisher Scientific","Health Care","Life Sciences Tools & Services","Negligible",14,2,6,6,0.06,"2021-03-03",181975678976,198.73,21.84,0.3276319,5.6,226.44,151.69,83226586345,4751300000,4.015666,3.38,"http://www.sec.gov/cgi-bin/browse-edgar?action=getcompany&CIK=TMO"
"220",442,"TJX","TJX Companies Inc.","Consumer Discretionary","Apparel Retail","Negligible",15,2,7,5,0.07,"2021-03-03",79493709824,74.36,21.01,1.64042,3.46,81.46,66.44,48181450881,4600216000,1.9293598,10.35,"http://www.sec.gov/cgi-bin/browse-edgar?action=getcompany&CIK=TJX"
"221",443,"TSCO","Tractor Supply Company","Consumer Discretionary","Specialty Stores","Negligible",16,3,8,4,0.09,"2021-03-03",18481551360,65.94,19.57,1.6030874,3.3,82.68,49.87,8459271203,859519000,1.1642125,6.01,"http://www.sec.gov/cgi-bin/browse-edgar?action=getcompany&CIK=TSCO"
"222",451,"TSN","Tyson Foods","Consumer Staples","Packaged Foods & Meats","Severe",36,13,13,10,0.77,"2021-03-03",25049862144,73.92,13.92,1.6353229,4.79,84.65,57.2,26957526800,2.521e+09,0.93730986,2.55,"http://www.sec.gov/cgi-bin/browse-edgar?action=getcompany&CIK=TSN"
"223",452,"UDR","UDR, Inc.","Real Estate","Residential REITs","Negligible",13,4,4,5,0.04,"2021-03-03",12499132416,32.92,17.79,3.668639,1.08,40.71,33.31,9050154422,665141000,12.365829,3.27,"http://www.sec.gov/cgi-bin/browse-edgar?action=getcompany&CIK=UDR"
"224",453,"ULTA","Ulta Beauty","Consumer Discretionary","Specialty Stores","Negligible",17,4,7,6,0.12,"2021-03-03",18975967232,209.09,32.07,0,6.52,314.86,187.96,13300000127,1002093000,3.3779113,8.04,"http://www.sec.gov/cgi-bin/browse-edgar?action=getcompany&CIK=ULTA"
"225",455,"UAA","Under Armour (Class A)","Consumer Discretionary","Apparel, Accessories & Luxury Goods","Negligible",16,2,8,6,0.09,"2021-03-03",9522817024,13.14,32.05,0,0.45,23.46,11.4,5856913571,399277000,1.602308,2.72,"http://www.sec.gov/cgi-bin/browse-edgar?action=getcompany&CIK=UAA"
"226",458,"UAL","United Airlines Holdings","Industrials","Airlines","Severe",32,11,15,6,0.63,"2021-03-03",16946107392,63.37,8.85,0,7.05,83.04,56.51,19363059152,5.929e+09,0.5020496,2.09,"http://www.sec.gov/cgi-bin/browse-edgar?action=getcompany&CIK=UAL"
"227",461,"URI","United Rentals, Inc.","Industrials","Trading Companies & Distributors","Negligible",17,5,7,6,0.12,"2021-03-03",21184718848,161.99,16.33,0,15.72,189,100.621,14654954091,2.76e+09,2.1782618,4.53,"http://www.sec.gov/cgi-bin/browse-edgar?action=getcompany&CIK=URI"
"228",462,"UHS","Universal Health Services","Health Care","Health Care Facilities","Severe",35,3,22,10,0.75,"2021-03-03",11006870528,114.87,15.36,0.34153005,7.14,129.74,95.26,11116075286,1676204000,1.3158662,2.21,"http://www.sec.gov/cgi-bin/browse-edgar?action=getcompany&CIK=UHS"
"229",466,"VTR","Ventas Inc","Real Estate","Health Care REITs","Negligible",12,3,4,5,0.03,"2021-03-03",19860672512,50.92,12.21,5.965641,1.86,72.36,51.8,18865999082,1935931000,7.0740495,1.76,"http://www.sec.gov/cgi-bin/browse-edgar?action=getcompany&CIK=VTR"
"230",469,"VZ","Verizon Communications","Communication Services","Integrated Telecommunication Services","Negligible",18,2,10,6,0.15,"2021-03-03",227515482112,49.04,13.08,4.626544,7.36,54.77,42.8,208092277044,4.5745e+10,1.6452544,7.96,"http://www.sec.gov/cgi-bin/browse-edgar?action=getcompany&CIK=VZ"
"231",471,"VFC","VF Corporation","Consumer Discretionary","Apparel, Accessories & Luxury Goods","Negligible",11,1,6,5,0.02,"2021-03-03",32194973696,78.75,25.9,2.2865665,2.55,82.95,48.05,31797645904,1624441000,3.7110944,7.89,"http://www.sec.gov/cgi-bin/browse-edgar?action=getcompany&CIK=VFC"
"232",474,"V","Visa Inc.","Information Technology","Data Processing & Outsourced Services","Negligible",17,0,10,7,0.13,"2021-03-03",475740471296,113.86,32.72,0.70204765,2.8,126.88,84.88,270038723213,1.3086e+10,14.433654,9.4,"http://www.sec.gov/cgi-bin/browse-edgar?action=getcompany&CIK=V"
"233",476,"VNO","Vornado Realty Trust","Real Estate","Office REITs","Negligible",14,2,5,6,0.05,"2021-03-03",8356472832,66.18,16.22,3.744428,4.33,111.72,66.0101,12778779911,0,7.1491003,3.63,"http://www.sec.gov/cgi-bin/browse-edgar?action=getcompany&CIK=VNO"
"234",481,"WBA","Walgreens Boots Alliance","Consumer Staples","Drug Retail","Negligible",17,2,11,5,0.13,"2021-03-03",40990150656,68.22,13.38,2.2368238,3.78,88,63.82,70862541911,7.083e+09,0.5904388,3.06,"http://www.sec.gov/cgi-bin/browse-edgar?action=getcompany&CIK=WBA"
"235",482,"DIS","The Walt Disney Company","Communication Services","Movies & Entertainment","Negligible",16,0,8,8,0.1,"2021-03-03",352051527680,101.35,17.78,1.6036655,5.7,116.1,96.2,157817273295,1.2544e+10,3.9635563,3.82,"http://www.sec.gov/cgi-bin/browse-edgar?action=getcompany&CIK=DIS"
"236",483,"WM","Waste Management Inc.","Industrials","Environmental & Facilities Services","Negligible",15,8,4,4,0.08,"2021-03-03",48379080704,79.12,25.36,2.0800195,2.66,89.73,69.55,35488486675,3.896e+09,3.2787669,6.73,"http://www.sec.gov/cgi-bin/browse-edgar?action=getcompany&CIK=WM"
"237",484,"WAT","Waters Corporation","Health Care","Health Care Distributors","Negligible",18,1,11,6,0.15,"2021-03-03",17074535424,191.79,26.64,0,0.19,220.2,145.94,16064078572,773932000,6.9824114,6.15,"http://www.sec.gov/cgi-bin/browse-edgar?action=getcompany&CIK=WAT"
"238",485,"WEC","WEC Energy Group","Utilities","Electric Utilities","Severe",32,18,9,5,0.65,"2021-03-03",26190567424,59.5,19.57,3.691948,3.79,70.09,56.63,18890296993,2736500000,2.4834197,2.1,"http://www.sec.gov/cgi-bin/browse-edgar?action=getcompany&CIK=WEC"
"239",486,"WFC","Wells Fargo","Financials","Diversified Banks","Severe",31,1,15,15,0.62,"2021-03-03",153540837376,55.4,13.58,2.7111576,4.07,66.31,49.27,281463620775,0,2.8728192,1.58,"http://www.sec.gov/cgi-bin/browse-edgar?action=getcompany&CIK=WFC"
"240",489,"WDC","Western Digital","Information Technology","Technology Hardware, Storage & Peripherals","Negligible",13,3,5,6,0.05,"2021-03-03",21285984256,80.09,10.19,2.389201,1.29,95.77,71.38,24760297793,5.169e+09,1.245503,2,"http://www.sec.gov/cgi-bin/browse-edgar?action=getcompany&CIK=WDC"
"241",490,"WU","Western Union Co","Information Technology","Data Processing & Outsourced Services","Negligible",16,0,10,7,0.11,"2021-03-03",9730632704,18.81,10.17,3.5915854,0.51,22.21,18.39,8951609207,694600000,2.22677,12.65,"http://www.sec.gov/cgi-bin/browse-edgar?action=getcompany&CIK=WU"
"242",492,"WY","Weyerhaeuser","Real Estate","Specialized REITs","Negligible",19,11,4,4,0.17,"2021-03-03",25267081216,33.6,34.29,3.7079954,0.77,37.89,30.9504,26070297960,1.365e+09,3.6396794,2.9,"http://www.sec.gov/cgi-bin/browse-edgar?action=getcompany&CIK=WY"
"243",493,"WHR","Whirlpool Corp.","Consumer Discretionary","Household Appliances","Negligible",18,7,7,5,0.15,"2021-03-03",12219282432,164.95,11.77,2.5652986,4.51,202.99,158.8,12177920000,1.842e+09,0.58064795,2.57,"http://www.sec.gov/cgi-bin/browse-edgar?action=getcompany&CIK=WHR"
"244",500,"XYL","Xylem Inc.","Industrials","Industrial Machinery","Negligible",16,4,8,5,0.11,"2021-03-03",18389301248,70.24,30.94,1.1700794,1.83,76.81,46.86,12915021000,7.22e+08,2.7262094,5.31,"http://www.sec.gov/cgi-bin/browse-edgar?action=getcompany&CIK=XYL"
"245",503,"ZBH","Zimmer Biomet","Health Care","Health Care Equipment","Severe",34,5,19,10,0.71,"2021-03-03",33504309248,115.53,14.32,0.7948336,9.01,133.49,108.17,24454698119,2007400000,3.1648953,2.39,"http://www.sec.gov/cgi-bin/browse-edgar?action=getcompany&CIK=ZBH"
